{"MAX": 60, "PRICE": 45, "Integrity": 1.0, "Gains": 103.782680152, "POWER": 44.000807395691325}
{"MAX": 60, "PRICE": 45, "Integrity": 1.0, "Gains": 103.782680152, "POWER": 44.001002770988755}
{"MAX": 60, "PRICE": 45, "Integrity": 1.0, "Gains": 103.782680152, "POWER": 44.001201735905354}
{"MAX": 60, "PRICE": 45, "Integrity": 1.0, "Gains": 103.782680152, "POWER": 44.00140090099287}
{"MAX": 60, "PRICE": 45, "Integrity": 1.0, "Gains": 103.782680152, "POWER": 44.0016029005833}
{"MAX": 60, "PRICE": 45, "Integrity": 1.0, "Gains": 103.782680152, "POWER": 44.001805348189215}
{"MAX": 60, "PRICE": 45, "Integrity": 1.0, "Gains": 103.782680152, "POWER": 44.00200522492465}
{"MAX": 60, "PRICE": 45, "Integrity": 1.0, "Gains": 103.782680152, "POWER": 44.00220609643163}
{"MAX": 60, "PRICE": 45, "Integrity": 1.0, "Gains": 103.782680152, "POWER": 44.002408940893666}
{"MAX": 60, "PRICE": 45, "Integrity": 1.0, "Gains": 103.782680152, "POWER": 44.002607553878576}
{"MAX": 60, "PRICE": 45, "Integrity": 1.0, "Gains": 103.782680152, "POWER": 44.00281170664988}
{"MAX": 60, "PRICE": 45, "Integrity": 1.0, "Gains": 103.782680152, "POWER": 44.00301517482027}
{"MAX": 60, "PRICE": 45, "Integrity": 1.0, "Gains": 103.782680152, "POWER": 44.003222332289425}
{"MAX": 60, "PRICE": 45, "Integrity": 1.0, "Gains": 103.782680152, "POWER": 44.00342088111616}
{"MAX": 60, "PRICE": 45, "Integrity": 1.0, "Gains": 103.782680152, "POWER": 44.003623933775835}
{"MAX": 60, "PRICE": 45, "Integrity": 1.0, "Gains": 103.782680152, "POWER": 44.00382302623689}
{"MAX": 60, "PRICE": 45, "Integrity": 1.0, "Gains": 103.782680152, "POWER": 44.0040263494925}
{"MAX": 60, "PRICE": 45, "Integrity": 1.0, "Gains": 103.782680152, "POWER": 44.00422911205867}
{"MAX": 60, "PRICE": 45, "Integrity": 1.0, "Gains": 103.782680152, "POWER": 44.004429455939764}
{"MAX": 60, "PRICE": 45, "Integrity": 1.0, "Gains": 103.782680152, "POWER": 44.00463117002737}
