{"Integrity": 0.7, "PRICE": 35, "Gains": 0, "POWER": 55, "MAX": 55}
{"MAX": 55, "PRICE": 35, "Integrity": 0.7, "Gains": 10, "POWER": 54}
{"MAX": 55, "PRICE": 35, "Integrity": 0.7, "Gains": 20, "POWER": 53}
{"MAX": 55, "PRICE": 35, "Integrity": 0.7, "Gains": 30, "POWER": 52}
{"MAX": 55, "PRICE": 35, "Integrity": 0.7, "Gains": 40, "POWER": 51}
{"MAX": 55, "PRICE": 35, "Integrity": 0.7, "Gains": 50, "POWER": 50}
{"MAX": 55, "PRICE": 35, "Integrity": 0.7, "Gains": 60, "POWER": 49.996}
{"MAX": 55, "PRICE": 35, "Integrity": 0.7, "Gains": 70, "POWER": 49.992000000000004}
{"MAX": 55, "PRICE": 35, "Integrity": 0.7, "Gains": 80, "POWER": 49.98800000000001}
{"MAX": 55, "PRICE": 35, "Integrity": 0.7, "Gains": 90, "POWER": 49.98400000000001}
{"MAX": 55, "PRICE": 35, "Integrity": 0.7, "Gains": 100, "POWER": 49.98000000000001}
{"MAX": 55, "PRICE": 35, "Integrity": 0.7, "Gains": 110, "POWER": 49.97600000000001}
{"MAX": 55, "PRICE": 35, "Integrity": 0.7, "Gains": 120, "POWER": 49.972000000000016}
{"MAX": 55, "PRICE": 35, "Integrity": 0.7, "Gains": 130, "POWER": 49.96800000000002}
{"MAX": 55, "PRICE": 35, "Integrity": 0.7, "Gains": 140, "POWER": 49.96400000000002}
{"MAX": 55, "PRICE": 35, "Integrity": 0.7, "Gains": 150, "POWER": 49.96000000000002}
{"MAX": 55, "PRICE": 35, "Integrity": 0.7, "Gains": 160, "POWER": 49.956000000000024}
{"MAX": 55, "PRICE": 35, "Integrity": 0.7, "Gains": 170, "POWER": 49.95200000000003}
{"MAX": 55, "PRICE": 35, "Integrity": 0.7, "Gains": 180, "POWER": 49.94800000000003}
{"MAX": 55, "PRICE": 35, "Integrity": 0.7, "Gains": 190, "POWER": 49.94400000000003}
{"MAX": 55, "PRICE": 35, "Integrity": 0.7, "Gains": 200, "POWER": 49.94000000000003}
{"MAX": 55, "PRICE": 35, "Integrity": 0.7, "Gains": 210, "POWER": 49.936000000000035}
{"MAX": 55, "PRICE": 35, "Integrity": 0.7, "Gains": 220, "POWER": 49.93200000000004}
{"MAX": 55, "PRICE": 35, "Integrity": 0.7, "Gains": 230, "POWER": 49.92800000000004}
{"MAX": 55, "PRICE": 35, "Integrity": 0.7, "Gains": 240, "POWER": 49.92400000000004}
{"MAX": 55, "PRICE": 35, "Integrity": 0.7, "Gains": 250, "POWER": 49.920000000000044}
{"MAX": 55, "PRICE": 35, "Integrity": 0.7, "Gains": 260, "POWER": 49.91600000000005}
{"MAX": 55, "PRICE": 35, "Integrity": 0.7, "Gains": 270, "POWER": 49.91200000000005}
{"MAX": 55, "PRICE": 35, "Integrity": 0.7, "Gains": 280, "POWER": 49.90800000000005}
{"MAX": 55, "PRICE": 35, "Integrity": 0.7, "Gains": 290, "POWER": 49.90400000000005}
{"MAX": 55, "PRICE": 35, "Integrity": 0.7, "Gains": 300, "POWER": 49.900000000000055}
{"MAX": 55, "PRICE": 35, "Integrity": 0.7, "Gains": 310, "POWER": 49.89600000000006}
{"MAX": 55, "PRICE": 35, "Integrity": 0.7, "Gains": 320, "POWER": 49.89200000000006}
{"MAX": 55, "PRICE": 35, "Integrity": 0.7, "Gains": 330, "POWER": 49.88800000000006}
{"MAX": 55, "PRICE": 35, "Integrity": 0.7, "Gains": 340, "POWER": 49.884000000000064}
{"MAX": 55, "PRICE": 35, "Integrity": 0.7, "Gains": 350, "POWER": 49.88000000000007}
{"MAX": 55, "PRICE": 35, "Integrity": 0.7, "Gains": 360, "POWER": 49.87600000000007}
{"MAX": 55, "PRICE": 35, "Integrity": 0.7, "Gains": 370, "POWER": 49.87200000000007}
{"MAX": 55, "PRICE": 35, "Integrity": 0.7, "Gains": 380, "POWER": 49.86800000000007}
{"MAX": 55, "PRICE": 35, "Integrity": 0.7, "Gains": 390, "POWER": 49.864000000000075}
{"MAX": 55, "PRICE": 35, "Integrity": 0.7, "Gains": 400, "POWER": 49.86000000000008}
{"MAX": 55, "PRICE": 35, "Integrity": 0.7, "Gains": 410, "POWER": 49.85600000000008}
{"MAX": 55, "PRICE": 35, "Integrity": 0.7, "Gains": 420, "POWER": 49.85200000000008}
{"MAX": 55, "PRICE": 35, "Integrity": 0.7, "Gains": 430, "POWER": 49.848000000000084}
{"MAX": 55, "PRICE": 35, "Integrity": 0.7, "Gains": 440, "POWER": 49.84400000000009}
{"MAX": 55, "PRICE": 35, "Integrity": 0.7, "Gains": 450, "POWER": 49.84000000000009}
{"MAX": 55, "PRICE": 35, "Integrity": 0.7, "Gains": 460, "POWER": 49.83600000000009}
{"MAX": 55, "PRICE": 35, "Integrity": 0.7, "Gains": 470, "POWER": 49.83200000000009}
{"MAX": 55, "PRICE": 35, "Integrity": 0.7, "Gains": 480, "POWER": 49.828000000000095}
{"MAX": 55, "PRICE": 35, "Integrity": 0.7, "Gains": 490, "POWER": 49.8240000000001}
{"MAX": 55, "PRICE": 35, "Integrity": 0.7, "Gains": 500, "POWER": 49.8200000000001}
{"MAX": 55, "PRICE": 35, "Integrity": 0.7, "Gains": 510, "POWER": 49.8160000000001}
{"MAX": 55, "PRICE": 35, "Integrity": 0.7, "Gains": 520, "POWER": 49.812000000000104}
{"MAX": 55, "PRICE": 35, "Integrity": 0.7, "Gains": 530, "POWER": 49.808000000000106}
{"MAX": 55, "PRICE": 35, "Integrity": 0.7, "Gains": 540, "POWER": 49.80400000000011}
{"MAX": 55, "PRICE": 35, "Integrity": 0.7, "Gains": 550, "POWER": 49.80000000000011}
{"MAX": 55, "PRICE": 35, "Integrity": 0.7, "Gains": 560, "POWER": 49.79600000000011}
{"MAX": 55, "PRICE": 35, "Integrity": 0.7, "Gains": 570, "POWER": 49.792000000000115}
{"MAX": 55, "PRICE": 35, "Integrity": 0.7, "Gains": 580, "POWER": 49.78800000000012}
{"MAX": 55, "PRICE": 35, "Integrity": 0.7, "Gains": 590, "POWER": 49.78400000000012}
{"MAX": 55, "PRICE": 35, "Integrity": 0.7, "Gains": 600, "POWER": 49.78000000000012}
{"MAX": 55, "PRICE": 35, "Integrity": 0.7, "Gains": 610, "POWER": 49.776000000000124}
{"MAX": 55, "PRICE": 35, "Integrity": 0.7, "Gains": 620, "POWER": 49.772000000000126}
{"MAX": 55, "PRICE": 35, "Integrity": 0.7, "Gains": 630, "POWER": 49.76800000000013}
{"MAX": 55, "PRICE": 35, "Integrity": 0.7, "Gains": 640, "POWER": 49.76400000000013}
{"MAX": 55, "PRICE": 35, "Integrity": 0.7, "Gains": 650, "POWER": 49.76000000000013}
{"MAX": 55, "PRICE": 35, "Integrity": 0.7, "Gains": 660, "POWER": 49.756000000000135}
{"MAX": 55, "PRICE": 35, "Integrity": 0.7, "Gains": 670, "POWER": 49.75200000000014}
{"MAX": 55, "PRICE": 35, "Integrity": 0.7, "Gains": 680, "POWER": 49.74800000000014}
{"MAX": 55, "PRICE": 35, "Integrity": 0.7, "Gains": 690, "POWER": 49.74400000000014}
{"MAX": 55, "PRICE": 35, "Integrity": 0.7, "Gains": 700, "POWER": 49.740000000000144}
{"MAX": 55, "PRICE": 35, "Integrity": 0.7, "Gains": 710, "POWER": 49.736000000000146}
{"MAX": 55, "PRICE": 35, "Integrity": 0.7, "Gains": 720, "POWER": 49.73200000000015}
{"MAX": 55, "PRICE": 35, "Integrity": 0.7, "Gains": 730, "POWER": 49.72800000000015}
{"MAX": 55, "PRICE": 35, "Integrity": 0.7, "Gains": 740, "POWER": 49.72400000000015}
{"MAX": 55, "PRICE": 35, "Integrity": 0.7, "Gains": 750, "POWER": 49.720000000000155}
{"MAX": 55, "PRICE": 35, "Integrity": 0.7, "Gains": 760, "POWER": 49.71600000000016}
{"MAX": 55, "PRICE": 35, "Integrity": 0.7, "Gains": 770, "POWER": 49.71200000000016}
{"MAX": 55, "PRICE": 35, "Integrity": 0.7, "Gains": 780, "POWER": 49.70800000000016}
{"MAX": 55, "PRICE": 35, "Integrity": 0.7, "Gains": 790, "POWER": 49.704000000000164}
{"MAX": 55, "PRICE": 35, "Integrity": 0.7, "Gains": 800, "POWER": 49.700000000000166}
{"MAX": 55, "PRICE": 35, "Integrity": 0.7, "Gains": 810, "POWER": 49.69600000000017}
{"MAX": 55, "PRICE": 35, "Integrity": 0.7, "Gains": 820, "POWER": 49.69200000000017}
{"MAX": 55, "PRICE": 35, "Integrity": 0.7, "Gains": 830, "POWER": 49.68800000000017}
{"MAX": 55, "PRICE": 35, "Integrity": 0.7, "Gains": 840, "POWER": 49.684000000000175}
{"MAX": 55, "PRICE": 35, "Integrity": 0.7, "Gains": 850, "POWER": 49.68000000000018}
{"MAX": 55, "PRICE": 35, "Integrity": 0.7, "Gains": 860, "POWER": 49.67600000000018}
{"MAX": 55, "PRICE": 35, "Integrity": 0.7, "Gains": 870, "POWER": 49.67200000000018}
{"MAX": 55, "PRICE": 35, "Integrity": 0.7, "Gains": 880, "POWER": 49.668000000000184}
{"MAX": 55, "PRICE": 35, "Integrity": 0.7, "Gains": 890, "POWER": 49.664000000000186}
{"MAX": 55, "PRICE": 35, "Integrity": 0.7, "Gains": 900, "POWER": 49.66000000000019}
{"MAX": 55, "PRICE": 35, "Integrity": 0.7, "Gains": 910, "POWER": 49.65600000000019}
{"MAX": 55, "PRICE": 35, "Integrity": 0.7, "Gains": 920, "POWER": 49.65200000000019}
{"MAX": 55, "PRICE": 35, "Integrity": 0.7, "Gains": 930, "POWER": 49.648000000000195}
{"MAX": 55, "PRICE": 35, "Integrity": 0.7, "Gains": 940, "POWER": 49.6440000000002}
{"MAX": 55,