{"MAX": 55, "PRICE": 35, "Integrity": 0.9473684210526315, "Gains": 211.164352923, "POWER": 25.01210595631915}
{"MAX": 55, "PRICE": 35, "Integrity": 0.9473684210526315, "Gains": 211.164352923, "POWER": 25.012613324724107}
{"MAX": 55, "PRICE": 35, "Integrity": 0.9473684210526315, "Gains": 211.164352923, "POWER": 25.012814757620543}
{"MAX": 55, "PRICE": 35, "Integrity": 0.9473684210526315, "Gains": 211.164352923, "POWER": 25.01301291364869}
{"MAX": 55, "PRICE": 35, "Integrity": 0.9473684210526315, "Gains": 211.164352923, "POWER": 25.01321984922889}
{"MAX": 55, "PRICE": 35, "Integrity": 0.9473684210526315, "Gains": 211.164352923, "POWER": 25.013421653342945}
{"MAX": 55, "PRICE": 35, "Integrity": 0.9473684210526315, "Gains": 211.164352923, "POWER": 25.01362166358553}
{"MAX": 55, "PRICE": 35, "Integrity": 0.9473684210526315, "Gains": 211.164352923, "POWER": 25.013825866974265}
{"MAX": 55, "PRICE": 35, "Integrity": 0.9473684210526315, "Gains": 211.164352923, "POWER": 25.01402806525269}
{"MAX": 55, "PRICE": 35, "Integrity": 0.9473684210526315, "Gains": 211.164352923, "POWER": 25.014228915898425}
{"MAX": 55, "PRICE": 35, "Integrity": 0.9473684210526315, "Gains": 211.164352923, "POWER": 25.01442908577134}
{"MAX": 55, "PRICE": 35, "Integrity": 0.9473684210526315, "Gains": 211.164352923, "POWER": 25.014632037308136}
{"MAX": 55, "PRICE": 35, "Integrity": 0.9473684210526315, "Gains": 211.164352923, "POWER": 25.014831995790207}
{"MAX": 55, "PRICE": 35, "Integrity": 0.9473684210526315, "Gains": 211.164352923, "POWER": 25.01503369022481}
{"MAX": 55, "PRICE": 35, "Integrity": 0.9473684210526315, "Gains": 211.164352923, "POWER": 25.01523526875113}
{"MAX": 55, "PRICE": 35, "Integrity": 0.9473684210526315, "Gains": 211.164352923, "POWER": 25.015436335117492}
{"MAX": 55, "PRICE": 35, "Integrity": 0.9473684210526315, "Gains": 211.164352923, "POWER": 25.015642496884688}
{"MAX": 55, "PRICE": 35, "Integrity": 0.9473684210526315, "Gains": 211.164352923, "POWER": 25.015848822015535}
{"MAX": 55, "PRICE": 35, "Integrity": 0.9473684210526315, "Gains": 211.164352923, "POWER": 25.016048525776245}
{"MAX": 55, "PRICE": 35, "Integrity": 0.9473684210526315, "Gains": 211.164352923, "POWER": 25.016251970954038}
{"MAX": 55, "PRICE": 35, "Integrity": 0.9473684210526315, "Gains": 211.164352923, "POWER": 25.016455319093865}
{"MAX": 55, "PRICE": 35, "Integrity": 0.9473684210526315, "Gains": 211.164352923, "POWER": 25.01665671016927}
{"MAX": 55, "PRICE": 35, "Integrity": 0.9473684210526315, "Gains": 211.164352923, "POWER": 25.016855790658454}
{"MAX": 55, "PRICE": 35, "Integrity": 0.9473684210526315, "Gains": 211.164352923, "POWER": 25.017056333114574}
{"MAX": 55, "PRICE": 35, "Integrity": 0.9473684210526315, "Gains": 211.164352923, "POWER": 25.017251937651768}
