{"Integrity": 0.7, "PRICE": 35, "Gains": 0, "POWER": 55, "MAX": 55}
{"MAX": 55, "PRICE": 35, "Integrity": 0.7, "Gains": 10, "POWER": 54}
{"MAX": 55, "PRICE": 35, "Integrity": 0.7, "Gains": 20, "POWER": 53}
{"MAX": 55, "PRICE": 35, "Integrity": 0.7, "Gains": 30, "POWER": 52}
{"MAX": 55, "PRICE": 35, "Integrity": 0.7, "Gains": 40, "POWER": 51}
{"MAX": 55, "PRICE": 35, "Integrity": 0.7, "Gains": 50, "POWER": 50}
{"MAX": 55, "PRICE": 35, "Integrity": 0.7, "Gains": 50, "POWER": 50.00020057420093}
{"MAX": 55, "PRICE": 35, "Integrity": 0.7, "Gains": 50, "POWER": 50.000399651454536}
{"MAX": 55, "PRICE": 35, "Integrity": 0.7, "Gains": 50, "POWER": 50.00059889443016}
{"MAX": 55, "PRICE": 35, "Integrity": 0.7, "Gains": 50, "POWER": 50.000796557355095}
{"MAX": 55, "PRICE": 35, "Integrity": 0.7, "Gains": 50, "POWER": 50.00099842297838}
{"MAX": 55, "PRICE": 35, "Integrity": 0.7, "Gains": 50, "POWER": 50.00119922507518}
