{"LOSS": 0.10, "PRICE": 45, "Gains": 10, "POWER": 70, "MAX": 60}
{"LOSS": 0.15, "PRICE": 45, "Gains": 15, "POWER": 65, "MAX": 60}
{"LOSS": 0.21052631578947367, "PRICE": 45, "Gains": 20, "POWER": 60, "MAX": 60}
{"LOSS": 0.42105263157894735, "PRICE": 45, "Gains": 25, "POWER": 55, "MAX": 60}
{"LOSS": 0.15789473684210525, "PRICE": 45, "Gains": 30, "POWER": 50, "MAX": 60}
