{"Integrity": 0.9, "PRICE": 35, "Gains": 0, "POWER": 55, "MAX": 55}
{"MAX": 55, "PRICE": 35, "Integrity": 0.8947368421052632, "Gains": 105.627920838, "POWER": 40}
{"MAX": 55, "PRICE": 35, "Integrity": 0.9473684210526315, "Gains": 211.164352923, "POWER": 25}
{"MAX": 55, "PRICE": 35, "Integrity": 0.9473684210526315, "Gains": 211.164352923, "POWER": 25.006062798384402}
{"MAX": 55, "PRICE": 35, "Integrity": 0.9473684210526315, "Gains": 211.164352923, "POWER": 25.012163013369356}
{"MAX": 55, "PRICE": 35, "Integrity": 0.9473684210526315, "Gains": 211.164352923, "POWER": 25.01825952101818}
