{"LOSS": 0.3684210526315789, "PRICE": 35, "Gains": 8, "POWER": 22, "MAX": 55}
{"LOSS": 0.3157894736842105, "PRICE": 35, "Gains": 16, "POWER": 14, "MAX": 55}
{"LOSS": 0.3684210526315789, "PRICE": 35, "Gains": 24, "POWER": 6, "MAX": 55}
{"LOSS": 0.3157894736842105, "PRICE": 35, "Gains": 32, "POWER": -2, "MAX": 55}
{"LOSS": 0.3684210526315789, "PRICE": 35, "Gains": 40, "POWER": -10, "MAX": 55}
{"LOSS": 0.42105263157894735, "PRICE": 35, "Gains": 48, "POWER": -18, "MAX": 55}
{"LOSS": 0.05263157894736842, "PRICE": 35, "Gains": 56, "POWER": -26, "MAX": 55}
{"LOSS": 0.3684210526315789, "PRICE": 35, "Gains": 64, "POWER": -34, "MAX": 55}
{"LOSS": 0.15789473684210525, "PRICE": 35, "Gains": 72, "POWER": -42, "MAX": 55}
{"LOSS": 0.21052631578947367, "PRICE": 35, "Gains": 80, "POWER": -50, "MAX": 55}
{"LOSS": 0.3157894736842105, "PRICE": 35, "Gains": 88, "POWER": -58, "MAX": 55}
{"LOSS": 0.3684210526315789, "PRICE": 35, "Gains": 96, "POWER": -66, "MAX": 55}
{"LOSS": 0.2631578947368421, "PRICE": 35, "Gains": 104, "POWER": -74, "MAX": 55}
{"LOSS": 0.3157894736842105, "PRICE": 35, "Gains": 112, "POWER": -82, "MAX": 55}
