{"Integrity": 0.7, "PRICE": 35, "Gains": 0, "POWER": 55, "MAX": 55}
{"MAX": 55, "PRICE": 35, "Integrity": 0.9473684210526315, "Gains": 101.570849979, "POWER": 38}
